basket,next_product,proba
"{'23170', '23172'}",{'23171'},1.0
{'23172'},{'23171'},0.9615384615384616
"{'22698', '22699'}",{'22697'},0.9565217391304348
"{'22698', '22423', '22699'}",{'22697'},0.9464285714285714
{'21086'},{'21094'},0.94
"{'22579', '22577'}",{'22578'},0.9285714285714286
"{'22698', '22423'}",{'22697'},0.921875
"{'23172', '23171'}",{'23170'},0.92
"{'21670', '21672'}",{'21668'},0.9069767441860465
