basket,next_product,proba
"{'22804', '21733'}",{'85123A'},0.9459459459459459
{'21124'},{'21122'},0.9230769230769231
