{"segment_stats": [{"Segment_": "High Value", "probability_alive_mean": 0.9931227365766785, "probability_alive_std": 0.016450204059455523, "probability_alive_median": 0.9967488331485292, "predicted_purchases_mean": 0.39773517802173575, "predicted_purchases_std": 0.2698267967039933, "predicted_purchases_median": 0.3335381783818447, "predicted_clv_mean": 111.36447983917894, "predicted_clv_std": 71.40332040098123, "predicted_clv_median": 92.0466386738929, "estimated_monetary_value_mean": 291.80817884617943, "estimated_monetary_value_std": 58.942664220182955, "estimated_monetary_value_median": 287.6674389544844}, {"Segment_": "Nurture", "probability_alive_mean": 0.999196350820283, "probability_alive_std": 0.0014320842331465074, "probability_alive_median": 0.9999999998505089, "predicted_purchases_mean": 0.3560275132430581, "predicted_purchases_std": 0.2696436450918937, "predicted_purchases_median": 0.2991464996356876, "predicted_clv_mean": 106.18210513204899, "predicted_clv_std": 88.57255585096807, "predicted_clv_median": 82.16955923248187, "estimated_monetary_value_mean": 300.47772393313096, "estimated_monetary_value_std": 58.374019662233664, "estimated_monetary_value_median": 303.20832557635254}, {"Segment_": "Risk", "probability_alive_mean": 0.9988028677942494, "probability_alive_std": 0.0064268645357100475, "probability_alive_median": 0.9999999999378515, "predicted_purchases_mean": 0.4475706196187055, "predicted_purchases_std": 0.4926208382640564, "predicted_purchases_median": 0.3321050169360283, "predicted_clv_mean": 289.0949589299754, "predicted_clv_std": 1572.3814359828352, "predicted_clv_median": 141.18373084432343, "estimated_monetary_value_mean": 561.07479610271, "estimated_monetary_value_std": 2092.802929665479, "estimated_monetary_value_median": 416.35095838106133}], "subsegment_stats": [{"Subsegment_": "High Value, High CLV", "probability_alive_mean": 0.9984597304036705, "probability_alive_std": 0.0017930951908505738, "probability_alive_median": 0.9999999997435693, "predicted_purchases_mean": 0.7811652428553437, "predicted_purchases_std": 0.2963236303053802, "predicted_purchases_median": 0.6836390045160826, "predicted_clv_mean": 222.33122617422487, "predicted_clv_std": 64.64445226171739, "predicted_clv_median": 204.08084189343566, "estimated_monetary_value_mean": 300.8571163913063, "estimated_monetary_value_std": 62.287250376891244, "estimated_monetary_value_median": 302.6187578150814}, {"Subsegment_": "High Value, Low CLV", "probability_alive_mean": 0.986493321370908, "probability_alive_std": 0.02421402407937306, "probability_alive_median": 0.9924506807734624, "predicted_purchases_mean": 0.19486921570599253, "predicted_purchases_std": 0.06463690423504595, "predicted_purchases_median": 0.18681325033381035, "predicted_clv_mean": 52.86678893626354, "predicted_clv_std": 13.04810803356087, "predicted_clv_median": 53.57573622081031, "estimated_monetary_value_mean": 284.4809793757795, "estimated_monetary_value_std": 55.656000376049604, "estimated_monetary_value_median": 279.41491600835053}, {"Subsegment_": "High Value, Medium CLV", "probability_alive_mean": 0.9971705001159585, "probability_alive_std": 0.002980619402070702, "probability_alive_median": 0.9972511474981982, "predicted_purchases_mean": 0.40378031568860767, "predicted_purchases_std": 0.12165782603251946, "predicted_purchases_median": 0.38344604990548, "predicted_clv_mean": 112.89232274129859, "predicted_clv_std": 23.7723318575437, "predicted_clv_median": 109.29809860353097, "estimated_monetary_value_mean": 294.59578931816696, "estimated_monetary_value_std": 59.7605154474508, "estimated_monetary_value_median": 288.7896440863791}, {"Subsegment_": "Nurture, High CLV", "probability_alive_mean": 0.9999999999165973, "probability_alive_std": 9.638807472144386e-11, "probability_alive_median": 0.9999999999406725, "predicted_purchases_mean": 0.9227761099080977, "predicted_purchases_std": 0.4243567008949533, "predicted_purchases_median": 0.844030009976162, "predicted_clv_mean": 301.8639907453024, "predicted_clv_std": 133.07672874308898, "predicted_clv_median": 256.95619853586095, "estimated_monetary_value_mean": 336.25599395386024, "estimated_monetary_value_std": 38.33527132738162, "estimated_monetary_value_median": 344.917853809751}, {"Subsegment_": "Nurture, Low CLV", "probability_alive_mean": 0.9981346552108691, "probability_alive_std": 0.0016687603988188363, "probability_alive_median": 0.997421031258674, "predicted_purchases_mean": 0.2049504643338838, "predicted_purchases_std": 0.0678308143039863, "predicted_purchases_median": 0.19079449448605915, "predicted_clv_mean": 54.97191579151068, "predicted_clv_std": 11.343490919948778, "predicted_clv_median": 55.51318637345003, "estimated_monetary_value_mean": 285.03650732637965, "estimated_monetary_value_std": 61.59500993419034, "estimated_monetary_value_median": 284.93278891406453}, {"Subsegment_": "Nurture, Medium CLV", "probability_alive_mean": 0.9999862482096966, "probability_alive_std": 0.00021125637094795478, "probability_alive_median": 0.9999999998831494, "predicted_purchases_mean": 0.3534135810779105, "predicted_purchases_std": 0.08153560883529316, "predicted_purchases_median": 0.35204591336097385, "predicted_clv_mean": 104.38777762130222, "predicted_clv_std": 20.326453227750488, "predicted_clv_median": 100.96906192651933, "estimated_monetary_value_mean": 305.84133693672544, "estimated_monetary_value_std": 54.60191980373686, "estimated_monetary_value_median": 314.72700212354107}, {"Subsegment_": "Risk, High CLV", "probability_alive_mean": 0.9996562804686574, "probability_alive_std": 0.0013307946887373902, "probability_alive_median": 0.9999999999627287, "predicted_purchases_mean": 0.7083789858311094, "predicted_purchases_std": 0.6214492680951795, "predicted_purchases_median": 0.5671781264449225, "predicted_clv_mean": 547.3934751628583, "predicted_clv_std": 2319.233315209871, "predicted_clv_median": 262.22943858637717, "estimated_monetary_value_mean": 791.9057404533128, "estimated_monetary_value_std": 3101.4359249832632, "estimated_monetary_value_median": 491.63299810526235}, {"Subsegment_": "Risk, Low CLV", "probability_alive_mean": 0.9979487612256178, "probability_alive_std": 0.007144827015473136, "probability_alive_median": 0.9999999998627215, "predicted_purchases_mean": 0.14496685801877784, "predicted_purchases_std": 0.09550665941178418, "predicted_purchases_median": 0.1377607153891368, "predicted_clv_mean": 42.07787318214293, "predicted_clv_std": 18.580620304834877, "predicted_clv_median": 40.241734924572626, "estimated_monetary_value_mean": 323.5780330295728, "estimated_monetary_value_std": 108.16783445433309, "estimated_monetary_value_median": 305.96239344336794}, {"Subsegment_": "Risk, Medium CLV", "probability_alive_mean": 0.9982644732431779, "probability_alive_std": 0.009719860595459894, "probability_alive_median": 0.9999999999470073, "predicted_purchases_mean": 0.3251740612879589, "predicted_purchases_std": 0.1548051863435618, "predicted_purchases_median": 0.28716051347608795, "predicted_clv_mean": 114.49618764846036, "predicted_clv_std": 23.586454378652004, "predicted_clv_median": 113.98238149805817, "estimated_monetary_value_mean": 422.0148060330899, "estimated_monetary_value_std": 187.9905883121323, "estimated_monetary_value_median": 414.14854779718803}], "percentages": {"Segment": {"Risk": 59.02, "High Value": 22.36, "Nurture": 18.62}, "Subsegment": {"Risk, High CLV": 26.54, "Risk, Low CLV": 16.35, "Risk, Medium CLV": 16.13, "High Value, Low CLV": 9.04, "High Value, Medium CLV": 8.68, "Nurture, Medium CLV": 8.5, "Nurture, Low CLV": 7.96, "High Value, High CLV": 4.65, "Nurture, High CLV": 2.16}}}