basket,next_product,proba
"{'82581', '82578'}",{'82580'},1.0
"{'22382', '22630'}",{'22629'},0.9444444444444444
{'82581'},{'82580'},0.9130434782608696
