basket,next_product,proba
{'21086'},{'21094'},1.0
"{'21080', '21086'}",{'21094'},1.0
"{'22698', '22423'}",{'22697'},0.9615384615384616
"{'22699', '22698', '22423'}",{'22697'},0.9545454545454545
"{'22699', '22698'}",{'22697'},0.9375
"{'22697', '22699', '22423'}",{'22698'},0.9130434782608696
"{'23263', '23265'}",{'23266'},0.9130434782608696
{'22698'},{'22697'},0.9024390243902438
